{
  "fullmoon": [
    {
      "6d493c4b-62eb-4820-abf1-ab839b2bb813": {
        "timestamp": 1745122659982,
        "boss": "Unknown"
      }
    },
    {
      "c25b8f52-12fd-4dee-bb98-9f187ce43cfd": {
        "timestamp": 1745122662676,
        "boss": "Unknown"
      }
    },
    {
      "59910bae-75ac-4781-ac56-d2fe4334951d": {
        "timestamp": 1745122664950,
        "boss": "Unknown"
      }
    },
    {
      "787f9ce1-f37c-438f-a887-a93922d11b2f": {
        "timestamp": 1745122665140,
        "boss": "Unknown"
      }
    },
    {
      "3be60a21-be13-4d8a-b762-d5b7d04c4821": {
        "timestamp": 1745122670940,
        "boss": "Unknown"
      }
    },
    {
      "b08f6e2b-b5a0-4d62-8caf-daba3a0ed939": {
        "timestamp": 1745122672100,
        "boss": "Unknown"
      }
    },
    {
      "48c7dbd7-c988-4e3d-b8a4-ce711846897d": {
        "timestamp": 1745122672117,
        "boss": "Unknown"
      }
    },
    {
      "fcfaf3a0-213a-4479-8a65-9a2448678093": {
        "timestamp": 1745122673347,
        "boss": "Unknown"
      }
    },
    {
      "229b1bb7-39a3-429f-aad5-24b99d3a7c32": {
        "timestamp": 1745122674869,
        "boss": "Unknown"
      }
    },
    {
      "bf5d7874-aae1-476d-8858-62331dd257fb": {
        "timestamp": 1745122678446,
        "boss": "Unknown"
      }
    },
    {
      "c5d548f0-4919-460d-83e0-286f8cc58600": {
        "timestamp": 1745122679248,
        "boss": "Unknown"
      }
    },
    {
      "1a48f4bf-e94b-4ec3-8ab4-1d6612c16b14": {
        "timestamp": 1745122681149,
        "boss": "Unknown"
      }
    },
    {
      "a227bfac-2c29-43a5-87b9-b85e6aad625c": {
        "timestamp": 1745122685313,
        "boss": "Unknown"
      }
    },
    {
      "a9b9fe4f-6a7b-4601-b96c-6b712612893e": {
        "timestamp": 1745122689522,
        "boss": "Unknown"
      }
    },
    {
      "62dba25d-1966-4d60-9c8a-c3421e5ef4e5": {
        "timestamp": 1745122690945,
        "boss": "Unknown"
      }
    },
    {
      "4fa73345-f355-4786-a804-35fdd28e8755": {
        "timestamp": 1745122691041,
        "boss": "Unknown"
      }
    },
    {
      "aaf58a5a-bd74-4641-bb14-7d7215b413db": {
        "timestamp": 1745122692698,
        "boss": "Unknown"
      }
    },
    {
      "93821a91-7d20-4bf0-b33c-9ca28043afb3": {
        "timestamp": 1745122696501,
        "boss": "Unknown"
      }
    },
    {
      "366eba21-e2b6-4176-85ff-3295bb7a7e39": {
        "timestamp": 1745122698909,
        "boss": "Unknown"
      }
    },
    {
      "89a8dd51-876d-4587-9898-7e3463748261": {
        "timestamp": 1745130620099,
        "boss": "Unknown"
      }
    },
    {
      "e3693f76-70c1-42bf-bd52-a1063879c199": {
        "timestamp": 1745130626687,
        "boss": "Unknown"
      }
    },
    {
      "b01aa2fd-1cb2-4378-a4b4-cddfce3b785b": {
        "timestamp": 1745130627910,
        "boss": "Unknown"
      }
    },
    {
      "63a41473-ec91-4197-b297-a88d374648f1": {
        "timestamp": 1745130628655,
        "boss": "Unknown"
      }
    },
    {
      "9c505a2a-8f4d-40a5-8766-6f94a250f400": {
        "timestamp": 1745130629766,
        "boss": "Unknown"
      }
    },
    {
      "0310b801-8d02-45dc-92b5-fb8547a2905d": {
        "timestamp": 1745130630898,
        "boss": "Unknown"
      }
    },
    {
      "2228530d-e157-48c3-b801-213053c5142d": {
        "timestamp": 1745130633238,
        "boss": "Unknown"
      }
    },
    {
      "00e1509c-c539-4f3a-b7ef-a0e96a0a10bc": {
        "timestamp": 1745130634785,
        "boss": "Unknown"
      }
    },
    {
      "7d6f124a-1511-44d1-a33a-d2558bb5f37a": {
        "timestamp": 1745130636910,
        "boss": "Unknown"
      }
    },
    {
      "21ba6465-6f25-47a5-b19b-be75cc2cad80": {
        "timestamp": 1745130640364,
        "boss": "Unknown"
      }
    },
    {
      "1f37f8f6-1ccb-46e6-85c9-e4b97fe084dc": {
        "timestamp": 1745130642479,
        "boss": "Unknown"
      }
    },
    {
      "16471fa4-4ed6-46bb-98e0-29e2f9d5bdd2": {
        "timestamp": 1745130642720,
        "boss": "Unknown"
      }
    },
    {
      "b118d91b-d090-4d03-a812-ff60c2dd2390": {
        "timestamp": 1745130644824,
        "boss": "Unknown"
      }
    },
    {
      "1ab5c0a9-c416-4dbd-85c7-ab5b00635376": {
        "timestamp": 1745130646846,
        "boss": "Unknown"
      }
    },
    {
      "0dda0a96-da14-4d62-a16b-1d0c33e3d62a": {
        "timestamp": 1745130648927,
        "boss": "Unknown"
      }
    },
    {
      "b0cd83e0-5305-4c48-9582-a53f755dd6ca": {
        "timestamp": 1745130651303,
        "boss": "Unknown"
      }
    },
    {
      "c7345789-3f1c-4083-bf05-96968ab0711f": {
        "timestamp": 1745130654107,
        "boss": "Unknown"
      }
    },
    {
      "05d84818-7e34-4f5e-b2a3-c58c6dc2f2ab": {
        "timestamp": 1745130654925,
        "boss": "Unknown"
      }
    },
    {
      "9d72c89c-f57d-4d58-abc0-bcd22d4e2951": {
        "timestamp": 1745130658154,
        "boss": "Unknown"
      }
    },
    {
      "4552d9e5-f3f0-436d-a5b2-a8557dd4fae0": {
        "timestamp": 1745130659878,
        "boss": "Unknown"
      }
    },
    {
      "e0a61eae-538d-4ed4-95fd-a7b0a9f218ae": {
        "timestamp": 1745130663996,
        "boss": "Unknown"
      }
    },
    {
      "c2a79a04-efdb-4e89-9b65-d62bcc86bf6e": {
        "timestamp": 1745130665602,
        "boss": "Unknown"
      }
    },
    {
      "383a65c5-1de2-4221-9221-c2f4ffcb0fec": {
        "timestamp": 1745130669724,
        "boss": "Unknown"
      }
    },
    {
      "f4da5b01-3a3d-4e2a-9788-e86f189774e7": {
        "timestamp": 1745130674073,
        "boss": "Unknown"
      }
    },
    {
      "1063f6e3-6209-4ede-aa9e-36984489c3dd": {
        "timestamp": 1745130674522,
        "boss": "Unknown"
      }
    },
    {
      "9daed6b8-032a-43fb-906e-6e63580cd164": {
        "timestamp": 1745130676367,
        "boss": "Unknown"
      }
    },
    {
      "dae2db3f-a2c6-40a1-86cb-a05026fb0e6a": {
        "timestamp": 1745130677246,
        "boss": "Unknown"
      }
    },
    {
      "2501e719-8d05-44c8-a4ea-8937822ef39f": {
        "timestamp": 1745130681759,
        "boss": "Unknown"
      }
    },
    {
      "2eb3f642-1c4f-4824-ad60-6999416fb4d0": {
        "timestamp": 1745130682941,
        "boss": "Unknown"
      }
    },
    {
      "c2a6982c-af0e-4096-b32c-d33a37917b2f": {
        "timestamp": 1758009944493,
        "boss": "Unknown"
      }
    },
    {
      "1f3e62ea-eade-4f43-81dd-1590186d3a22": {
        "timestamp": 1758010111361,
        "boss": "Unknown"
      }
    },
    {
      "6e1e0faf-a966-4b89-acda-071af8cf2d20": {
        "timestamp": 1758010116796,
        "boss": "Unknown"
      }
    },
    {
      "fdd76ebb-3a23-4ccd-a05a-52b4cce0a753": {
        "timestamp": 1758010157149,
        "boss": "Unknown"
      }
    },
    {
      "9419139a-6c1f-45a2-a0bb-726bcb2155b3": {
        "timestamp": 1758010205115,
        "boss": "Unknown"
      }
    }
  ],
  "rareboss": [
    {
      "5eac2bc7-a9b7-4747-b55c-59e9a5314c8e": {
        "timestamp": 1745122659983,
        "boss": "Dough King"
      }
    },
    {
      "dcc459bf-5ef4-495c-97b1-55ac4700d351": {
        "timestamp": 1745122670297,
        "boss": "rip_indra True Form"
      }
    },
    {
      "aa4e630c-85ae-4dc4-81dd-6e90688a4d7d": {
        "timestamp": 1745122671942,
        "boss": "Darkbeard"
      }
    },
    {
      "a7e0c820-2a15-4c53-9e1c-d6043cb50349": {
        "timestamp": 1745122673173,
        "boss": "Darkbeard"
      }
    },
    {
      "7b18a038-c44f-4023-8ef8-dfcf56e6c9e3": {
        "timestamp": 1745122673516,
        "boss": "Dough King"
      }
    },
    {
      "ded4c9ac-cfda-469e-bbcb-fa405e89a1e0": {
        "timestamp": 1745122676465,
        "boss": "Dough King"
      }
    },
    {
      "25f254a8-7c5d-43b9-83c3-abdb876b2f7f": {
        "timestamp": 1745122679120,
        "boss": "rip_indra True Form"
      }
    },
    {
      "77363a10-072a-4fba-b078-ab611bc104bb": {
        "timestamp": 1745122682784,
        "boss": "Darkbeard"
      }
    },
    {
      "4a3d7093-fd87-43a5-92ce-6a4957ea1cb5": {
        "timestamp": 1745122682848,
        "boss": "Darkbeard"
      }
    },
    {
      "33303c79-14df-4f49-867b-f88dce84fda9": {
        "timestamp": 1745122683640,
        "boss": "rip_indra True Form"
      }
    },
    {
      "7e6a4fa2-cdad-43b1-b275-116a9c04f70c": {
        "timestamp": 1745122688492,
        "boss": "Darkbeard"
      }
    },
    {
      "ff385919-3d77-4db9-a01e-169e9bbae8de": {
        "timestamp": 1745122692502,
        "boss": "Darkbeard"
      }
    },
    {
      "7cbd9977-429e-4b41-8bc7-9f243a0b8a73": {
        "timestamp": 1745130625546,
        "boss": "rip_indra True Form"
      }
    },
    {
      "4b5da643-b3ab-4860-8002-8df1b92d74bc": {
        "timestamp": 1745130632672,
        "boss": "rip_indra True Form"
      }
    },
    {
      "de188bf5-a74d-4286-a1f1-097c4b53ac33": {
        "timestamp": 1745130639553,
        "boss": "rip_indra True Form"
      }
    },
    {
      "f1dc6b23-af19-437e-9233-f715a4f3a5b3": {
        "timestamp": 1745130648989,
        "boss": "rip_indra True Form"
      }
    },
    {
      "6f51de5f-ee75-47ab-9a22-29fa0a846cfc": {
        "timestamp": 1745130652275,
        "boss": "Darkbeard"
      }
    },
    {
      "faa0a443-5b04-40e5-aeaa-fab1b6c71a24": {
        "timestamp": 1745130658649,
        "boss": "Dough King"
      }
    },
    {
      "af1b1065-4e53-4d15-85b4-69a8bbd0f27a": {
        "timestamp": 1745130667552,
        "boss": "rip_indra True Form"
      }
    },
    {
      "d90200a7-7035-4507-9969-644ed07fce57": {
        "timestamp": 1745130667941,
        "boss": "rip_indra True Form"
      }
    },
    {
      "b36ad9c8-be29-40ee-b907-9db6fcdf3724": {
        "timestamp": 1745130677339,
        "boss": "rip_indra True Form"
      }
    },
    {
      "4e9ee9e2-3e71-430e-8286-4f9e737d8b84": {
        "timestamp": 1758009947281,
        "boss": "Darkbeard"
      }
    },
    {
      "0b9d7995-5723-4aca-8b3c-a595d00496e1": {
        "timestamp": 1758010200506,
        "boss": "Dough King"
      }
    },
    {
      "eaeeb155-342d-4344-ba8f-5b87b97cb5d2": {
        "timestamp": 1758010211061,
        "boss": "Darkbeard"
      }
    }
  ],
  "mirage": [
    {
      "d85545f8-98ae-44b3-8af2-adf2da49f763": {
        "timestamp": 1758009917712,
        "boss": "Unknown"
      }
    },
    {
      "482c3508-63f8-4e6d-8db8-da6d1f0e8b9d": {
        "timestamp": 1758009968025,
        "boss": "Unknown"
      }
    }
  ]
}